Neighborhood,Price,Bedrooms,Bathrooms,HouseSize,Description,NeighborhoodDescription
Sunnyvale,"$750,000",4,3,2200,"This beautiful 4-bedroom, 3-bathroom home features a spacious open floor plan, a modern kitchen with stainless steel appliances, and a cozy family room with a fireplace. Enjoy the large backyard perfect for entertaining and a two-car garage.","Sunnyvale is a vibrant suburban neighborhood known for its excellent schools and family-friendly environment. Located just a short drive from downtown, it offers convenient access to public transportation, parks, and shopping centers."
Maplewood,"$450,000",4,3,"2,200","This stunning 4-bedroom, 3-bathroom home features a spacious open floor plan, modern kitchen with stainless steel appliances, a cozy fireplace in the living room, and a large backyard perfect for entertaining. The master suite offers a luxurious en-suite bathroom and walk-in closet. Don't miss the attached two-car garage and the beautiful landscaping throughout the property.","Maplewood is a charming suburban neighborhood known for its excellent schools and friendly atmosphere. The area is well-connected with public transportation options, including bus routes and nearby train stations. Residents enjoy local parks, shopping centers, and a vibrant community with various events throughout the year."
Maplewood,"$450,000",4,3,"2,500","This stunning 4-bedroom, 3-bathroom home features a spacious open floor plan, a modern kitchen with stainless steel appliances, and a cozy fireplace in the living room. Enjoy the large backyard perfect for entertaining, along with a two-car garage and energy-efficient windows.","Maplewood is a vibrant suburban neighborhood known for its excellent schools and family-friendly atmosphere. With easy access to public transportation and local parks, residents enjoy a mix of urban convenience and suburban tranquility."
Maplewood,"$250,000",3,2,1500,"Charming 3-bedroom, 2-bath home featuring a spacious backyard, a cozy fireplace, and a modern kitchen with updated appliances. Perfect for family gatherings and outdoor activities!","Maplewood is a friendly suburban neighborhood with excellent schools, parks, and easy access to public transportation. Enjoy a peaceful community atmosphere while being just a short drive away from downtown amenities."
Sunnyvale,"$250,000",3,2,1400,"This charming 3-bedroom, 2-bathroom home features a spacious backyard perfect for family gatherings, an attached garage, and a cozy fireplace in the living room. The kitchen is equipped with modern appliances and plenty of counter space for cooking enthusiasts.","Sunnyvale is a family-friendly suburban neighborhood with excellent schools, parks, and convenient access to public transportation. Enjoy a peaceful environment while being just minutes away from shopping centers and recreational activities."
Sunnyvale,"$250,000",3,2,1500,"Charming 3-bedroom, 2-bathroom home with a spacious backyard perfect for entertaining. Features a cozy fireplace, updated kitchen with stainless steel appliances, and a one-car garage. Ideal for first-time home buyers!","Sunnyvale is a family-friendly suburban neighborhood with excellent schools, parks, and convenient access to public transportation. Just a short drive to downtown amenities and recreational areas."
Beverly Hills,"$3,500,000",5,6,4500,"This stunning luxury home features an expansive open floor plan, gourmet kitchen with top-of-the-line appliances, a spacious living room with a fireplace, and a lavish master suite with a private balcony. Enjoy outdoor entertaining in the beautifully landscaped backyard with a pool and spa, along with a three-car garage and smart home technology throughout.","Nestled in the heart of Beverly Hills, this neighborhood is known for its upscale living, proximity to high-end shopping, fine dining, and entertainment. With excellent schools and beautiful parks, it offers a perfect blend of urban convenience and suburban tranquility. Public transportation options are readily available, making it easy to explore all that Los Angeles has to offer."
Bel Air,"$4,500,000",6,7,7500,"This stunning luxury estate features a grand entrance with high ceilings, a gourmet kitchen with top-of-the-line appliances, a spacious living room with a beautiful fireplace, and a lavish master suite with a private balcony overlooking the stunning landscaped gardens. The property also boasts a home theater, wine cellar, and an expansive outdoor area with a pool, spa, and outdoor kitchen, perfect for entertaining.","Bel Air is one of the most exclusive neighborhoods in Los Angeles, known for its luxurious homes and celebrity residents. The area offers easy access to top-rated schools, fine dining, and high-end shopping. With beautiful views and a tranquil atmosphere, Bel Air provides the perfect blend of urban convenience and suburban serenity."
Beverly Hills,"$4,500,000",5,6,5000,"Stunning luxury estate featuring a spacious open floor plan, gourmet kitchen with high-end appliances, home theater, and a resort-style backyard complete with a pool, spa, and outdoor kitchen. Perfect for entertaining!","Beverly Hills is known for its upscale living, luxury shopping, and dining. The area offers excellent schools, beautiful parks, and is conveniently located near major highways and the vibrant city of Los Angeles."
Greenwood,"$450,000",4,3,"2,500","This beautiful 4-bedroom, 3-bathroom home features an open-concept layout with a spacious living room, a gourmet kitchen with stainless steel appliances, and a large backyard perfect for entertaining. The master suite includes a walk-in closet and en-suite bathroom. Additional amenities include a two-car garage and a cozy fireplace in the living room.","Greenwood is a family-friendly suburban neighborhood known for its excellent schools and parks. The area offers easy access to public transportation, making commuting a breeze. You'll find plenty of shopping and dining options nearby, along with community events throughout the year. It's a perfect place for families looking for a peaceful yet vibrant community."
Maplewood,"$450,000",4,3,"2,400","Beautifully updated 4-bedroom, 3-bath home featuring a spacious open floor plan, modern kitchen with stainless steel appliances, a cozy fireplace in the living room, and a large backyard perfect for entertaining. Includes a two-car garage and a finished basement that provides extra living space.","Maplewood is a charming suburban neighborhood known for its excellent schools and family-friendly atmosphere. The area offers convenient access to public transportation, parks, and shopping centers, making it ideal for families and commuters alike."
Greenwood Estates,"$475,000",4,3,"2,200","This stunning 4-bedroom, 3-bathroom home features a spacious open floor plan, a modern kitchen with stainless steel appliances, and a cozy living room with a fireplace. The backyard is perfect for entertaining, complete with a deck and a beautifully landscaped garden. The property also includes a two-car garage and a finished basement, providing ample space for storage or recreation.","Greenwood Estates is a family-friendly suburban neighborhood located just 20 minutes from downtown. It boasts excellent schools, picturesque parks, and a strong sense of community. Residents enjoy convenient access to public transportation, shopping centers, and recreational facilities, making it an ideal location for families and professionals alike."
